Email Address,First Name,Last Name,Password
test1@edusculpt.com,test1,product test,test@1234
test2@edusculpt.com,test2,product test,test@1234
test3@edusculpt.com,test3,product test,test@1234
test4@edusculpt.com,test4,product test,test@1234
test5@edusculpt.com,test5,product test,test@1234
test6@edusculpt.com,test6,product test,test@1234
test7@edusculpt.com,test7,product test,test@1234
test8@edusculpt.com,test8,product test,test@1234
test9@edusculpt.com,test9,product test,test@1234
test10@edusculpt.com,test10,product test,test@1234
test11@edusculpt.com,test11,product test,test@1234
test12@edusculpt.com,test12,product test,test@1234
test13@edusculpt.com,test13,product test,test@1234
test14@edusculpt.com,test14,product test,test@1234
test15@edusculpt.com,test15,product test,test@1234
test16@edusculpt.com,test16,product test,test@1234
test17@edusculpt.com,test17,product test,test@1234
test18@edusculpt.com,test18,product test,test@1234
test19@edusculpt.com,test19,product test,test@1234
test20@edusculpt.com,test20,product test,test@1234
test21@edusculpt.com,test21,product test,test@1234
test22@edusculpt.com,test22,product test,test@1234
test23@edusculpt.com,test23,product test,test@1234
test24@edusculpt.com,test24,product test,test@1234
test25@edusculpt.com,test25,product test,test@1234
test26@edusculpt.com,test26,product test,test@1234
test27@edusculpt.com,test27,product test,test@1234
test28@edusculpt.com,test28,product test,test@1234
test29@edusculpt.com,test29,product test,test@1234
test30@edusculpt.com,test30,product test,test@1234
test31@edusculpt.com,test31,product test,test@1234
test32@edusculpt.com,test32,product test,test@1234
test33@edusculpt.com,test33,product test,test@1234
test34@edusculpt.com,test34,product test,test@1234
test35@edusculpt.com,test35,product test,test@1234
test36@edusculpt.com,test36,product test,test@1234
test37@edusculpt.com,test37,product test,test@1234
test38@edusculpt.com,test38,product test,test@1234
